"","degree","eigenvector","betweenness","closeness","npubs","hindex","hindex5y","i10index","i10index5y"
"degree",1,0.86667974696806,0.187816068650251,0.157167054995604,-0.0058196463082851,0.082090716686754,0.0753605391974778,0.0513703440585417,0.106197332041201
"eigenvector",0.86667974696806,1,-0.015972033865847,-0.0322922810465002,0.00680394330043756,0.0195887146820582,6.37037012730835e-05,0.0147014260365758,0.027215616637323
"betweenness",0.187816068650251,-0.015972033865847,1,0.251895997586905,-0.0133689969734806,0.0497707636064231,0.0779697009394882,0.113506645639175,0.0965153534793171
"closeness",0.157167054995604,-0.0322922810465002,0.251895997586905,1,-0.0776600749422141,0.0296668691057345,0.0134209148636814,-0.00386688052822035,0.0314362864393646
"npubs",-0.0058196463082851,0.00680394330043756,-0.0133689969734806,-0.0776600749422141,1,0.71772267702011,0.684293519098384,0.819142866338777,0.781604941412577
"hindex",0.082090716686754,0.0195887146820582,0.0497707636064231,0.0296668691057345,0.71772267702011,1,0.485687969296291,0.13855717482076,0.610909206692646
"hindex5y",0.0753605391974778,6.37037012730835e-05,0.0779697009394882,0.0134209148636814,0.684293519098384,0.485687969296291,1,0.199501259425855,0.197760298971772
"i10index",0.0513703440585417,0.0147014260365758,0.113506645639175,-0.00386688052822035,0.819142866338777,0.13855717482076,0.199501259425855,1,0.582419990500683
"i10index5y",0.106197332041201,0.027215616637323,0.0965153534793171,0.0314362864393646,0.781604941412577,0.610909206692646,0.197760298971772,0.582419990500683,1
